SNP,effect_allele,other_allele,eaf,beta,se,pval
rs8042849,C,T,0.34229,0.0192164,0.00146183,1.80E-39
rs113382419,C,A,0.889325,-0.0282339,0.00221376,3.00E-37
rs6011779,C,T,0.191239,0.0191152,0.00176364,2.30E-27
rs9919670,G,A,0.612185,-0.0152438,0.00142114,7.60E-27
rs2890772,G,T,0.413181,-0.0136979,0.00140672,2.10E-22
rs35175834,G,A,0.78844,-0.0164032,0.00169847,4.60E-22
rs12244388,G,A,0.661124,-0.0132503,0.00146413,1.40E-19
rs11783093,C,T,0.838811,0.01571,0.00189655,1.20E-16
rs11210229,A,G,0.383666,0.011702,0.00142273,2.00E-16
rs62155874,A,G,0.87336,-0.0169073,0.00208546,5.20E-16
rs10226228,A,G,0.62964,-0.0114099,0.00143702,2.00E-15
rs6119897,G,A,0.761716,-0.0128038,0.00162704,3.60E-15
rs2867112,T,G,0.834596,0.0147832,0.00188747,4.80E-15
rs986391,G,A,0.366555,0.0111388,0.0014379,9.40E-15
rs3742365,T,C,0.595136,-0.0107929,0.0014159,2.50E-14
rs2401924,G,C,0.501955,0.0105718,0.00138906,2.70E-14
rs7807019,A,G,0.540327,-0.0104211,0.00139062,6.70E-14
rs549845,G,A,0.301161,0.0112613,0.00150857,8.30E-14
rs10922907,A,T,0.45105,0.0101748,0.00139495,3.00E-13
rs7569203,A,C,0.688725,-0.0107595,0.0015002,7.40E-13
rs17309874,G,A,0.740357,-0.0112899,0.00158234,9.70E-13
rs6778080,T,C,0.267372,0.0111141,0.00156621,1.30E-12
rs8042134,T,G,0.541083,-0.00994136,0.0014011,1.30E-12
rs17576594,G,A,0.7235,0.0109502,0.00155159,1.70E-12
rs7766610,C,A,0.182634,0.0125839,0.00179283,2.20E-12
rs1922018,C,T,0.364422,0.0100328,0.00143771,3.00E-12
rs7553348,G,A,0.437656,0.00963399,0.00139643,5.20E-12
rs7528604,G,A,0.565613,0.00965269,0.00140141,5.70E-12
rs329120,C,T,0.580672,0.00965704,0.00140509,6.30E-12
rs12623702,A,G,0.613375,-0.00977238,0.00142787,7.70E-12
rs13296519,G,T,0.606385,-0.00970128,0.00141888,8.10E-12
rs6935954,A,G,0.421108,0.0095817,0.00140192,8.20E-12
rs4671357,T,C,0.518819,-0.00944175,0.00138991,1.10E-11
rs3896224,A,G,0.585286,0.00962696,0.00141792,1.10E-11
rs326341,G,A,0.524943,0.00943522,0.00139247,1.20E-11
rs4391802,A,G,0.707464,0.0103191,0.00152789,1.40E-11
rs72678864,G,A,0.828591,0.0123829,0.0018387,1.60E-11
rs112282219,G,A,0.958949,-0.0231662,0.00350418,3.80E-11
rs10879871,T,G,0.343436,-0.00957988,0.00145803,5.00E-11
rs889398,C,T,0.588005,0.0092407,0.00141367,6.30E-11
rs4473348,A,T,0.249978,-0.0104317,0.00159675,6.40E-11
rs1221148,C,G,0.587062,0.00916504,0.00140711,7.30E-11
rs317021,T,A,0.814287,-0.011567,0.00179087,1.10E-10
rs1933270,T,G,0.363726,0.00921831,0.00143808,1.50E-10
rs8614,C,A,0.817489,-0.0114612,0.00179679,1.80E-10
rs11255908,T,G,0.743485,-0.0100713,0.00158809,2.30E-10
rs13153393,A,G,0.883937,-0.0137451,0.00217329,2.50E-10
rs2678670,A,T,0.485528,0.00873079,0.00138756,3.10E-10
rs7333559,G,A,0.211711,0.01074,0.00170716,3.20E-10
rs76608582,C,A,0.953011,0.0216317,0.00344003,3.20E-10
rs421983,T,C,0.519028,0.00870743,0.00138561,3.30E-10
rs4543592,T,C,0.519912,-0.00866243,0.0013891,4.50E-10
rs11948770,T,C,0.768248,-0.0102364,0.00164524,4.90E-10
rs7039819,G,A,0.427307,0.00873433,0.00140501,5.10E-10
rs10282292,C,T,0.361838,0.00896219,0.0014469,5.90E-10
rs2838834,C,T,0.699459,-0.00936489,0.00151488,6.30E-10
rs624833,T,G,0.694697,0.00928567,0.00150361,6.60E-10
rs62135536,C,T,0.968256,0.0243444,0.00396165,8.00E-10
rs3811038,T,C,0.723852,-0.00954466,0.00155745,8.90E-10
rs359243,T,C,0.392886,-0.00871975,0.00142539,9.50E-10
rs11768481,C,A,0.666168,0.00901238,0.00147464,9.90E-10
rs6779302,G,T,0.632921,-0.00875253,0.0014392,1.20E-09
rs35169606,T,G,0.612204,0.00877627,0.00144385,1.20E-09
rs67596067,G,A,0.648812,-0.00887666,0.00145843,1.20E-09
rs2675638,G,A,0.58057,0.00849857,0.00140017,1.30E-09
rs75742406,G,A,0.738854,0.00961948,0.00158486,1.30E-09
rs71367545,G,A,0.790533,-0.0103197,0.0017038,1.40E-09
rs71627581,G,A,0.888811,0.0132566,0.00219871,1.60E-09
rs13016665,C,A,0.576725,-0.00848745,0.0014118,1.80E-09
rs369230,G,T,0.307565,-0.00908882,0.001511,1.80E-09
rs10052591,T,C,0.573358,0.00839979,0.00140216,2.10E-09
rs3769949,T,A,0.527845,-0.00825646,0.00138563,2.50E-09
rs7155595,A,C,0.674282,-0.00885162,0.00148508,2.50E-09
rs7077678,C,T,0.623429,0.00855025,0.00143575,2.60E-09
rs860326,C,T,0.427696,0.00833808,0.0014023,2.70E-09
rs12202536,A,G,0.512754,-0.00823391,0.00138601,2.80E-09
rs4814873,C,T,0.76659,0.00971214,0.00163637,2.90E-09
rs147412694,G,A,0.850009,-0.0115726,0.00194865,2.90E-09
rs9842947,C,T,0.326165,-0.00877189,0.00148073,3.10E-09
rs2894808,T,A,0.922121,-0.0152983,0.0025912,3.50E-09
rs12708665,A,G,0.284632,-0.0090871,0.00153886,3.50E-09
rs202645,A,G,0.202939,-0.0101598,0.00172497,3.90E-09
rs62098013,G,A,0.63991,-0.00856663,0.00145676,4.10E-09
rs4957528,A,C,0.208497,-0.0101225,0.00172212,4.20E-09
rs1246265,T,C,0.30456,-0.00886526,0.00150907,4.20E-09
rs6598539,T,C,0.488672,-0.00815056,0.00138941,4.50E-09
rs13009008,A,G,0.327713,0.00863272,0.00147329,4.60E-09
rs17553262,A,C,0.884605,-0.0127323,0.00218148,5.30E-09
rs7297175,T,C,0.431355,-0.00811649,0.0013992,6.60E-09
rs245774,A,G,0.271691,-0.00901601,0.00155972,7.40E-09
rs6962772,A,G,0.845551,0.011064,0.00191645,7.80E-09
rs12481282,G,C,0.722343,-0.00894356,0.00154935,7.80E-09
rs35343344,C,A,0.732713,0.00918144,0.00159594,8.80E-09
rs6562474,C,G,0.650606,0.00836914,0.0014611,1.00E-08
rs775758,A,T,0.432859,0.00801379,0.00140266,1.10E-08
rs2062882,G,A,0.586782,-0.0081103,0.00141998,1.10E-08
rs7519626,C,T,0.323676,0.00842015,0.00147893,1.20E-08
rs9435340,T,A,0.344234,0.00834773,0.00146424,1.20E-08
rs34866095,A,G,0.686187,-0.00857198,0.00150558,1.20E-08
rs348809,A,G,0.347637,-0.00828381,0.00145602,1.30E-08
rs1050847,C,T,0.425845,0.00797046,0.00140503,1.40E-08
rs73220544,A,C,0.842295,-0.0108189,0.0019126,1.50E-08
rs4571506,C,T,0.539523,0.00787701,0.00139172,1.50E-08
rs732083,G,A,0.333362,0.00834823,0.00147311,1.50E-08
rs6741228,T,C,0.433309,0.00793282,0.00140363,1.60E-08
rs4949465,T,C,0.869552,-0.0116055,0.00205788,1.70E-08
rs62175972,T,C,0.965939,0.0217461,0.00385678,1.70E-08
rs136233,A,G,0.809084,-0.00995614,0.00176918,1.80E-08
rs12831617,C,T,0.764305,-0.00918459,0.00163314,1.90E-08
rs11861214,G,T,0.78364,0.00945079,0.00168455,2.00E-08
rs10918701,G,A,0.372247,0.00802389,0.00143191,2.10E-08
rs10823968,A,T,0.632969,0.00813544,0.00145258,2.10E-08
rs74086911,G,A,0.925459,0.0148021,0.00264197,2.10E-08
rs4731925,C,T,0.315607,-0.00829239,0.00149022,2.60E-08
rs28485305,C,T,0.631482,0.00800666,0.00143887,2.60E-08
rs1193237,G,C,0.439176,-0.00776138,0.00139716,2.80E-08
rs60952428,T,C,0.909149,0.0134109,0.00241933,3.00E-08
rs9904288,T,C,0.707772,0.00842758,0.0015229,3.10E-08
rs12967855,A,G,0.331225,0.0081887,0.00147934,3.10E-08
rs2254710,C,A,0.236356,0.00899636,0.00163085,3.50E-08
rs72674867,A,T,0.764568,0.00898766,0.00163396,3.80E-08
rs1931263,G,T,0.510321,-0.00760874,0.0013858,4.00E-08
rs57611503,G,A,0.484578,0.00774344,0.00141026,4.00E-08
rs61796681,A,T,0.912365,-0.0134163,0.00244752,4.20E-08
rs6957896,C,T,0.503261,-0.00758434,0.00138695,4.50E-08
rs2080870,A,T,0.258107,0.00863309,0.00158257,4.90E-08
