,x
1,rs10052591
2,rs10226228
3,rs10282292
4,rs1050847
5,rs10879871
6,rs10918701
7,rs11210229
8,rs112282219
9,rs11255908
10,rs113382419
11,rs11768481
12,rs11783093
13,rs11861214
14,rs11948770
15,rs12202536
16,rs12244388
17,rs1246265
18,rs12623702
19,rs12708665
20,rs12831617
21,rs12967855
22,rs13009008
23,rs13016665
24,rs13153393
25,rs13296519
26,rs136233
27,rs147412694
28,rs17309874
29,rs17553262
30,rs17576594
31,rs1922018
32,rs1931263
33,rs1933270
34,rs202645
35,rs2062882
36,rs2254710
37,rs245774
38,rs2675638
39,rs2838834
40,rs28485305
41,rs2867112
42,rs2890772
43,rs326341
44,rs329120
45,rs34866095
46,rs348809
47,rs35169606
48,rs35175834
49,rs35343344
50,rs359243
51,rs369230
52,rs3742365
53,rs3811038
54,rs3896224
55,rs421983
56,rs4391802
57,rs4543592
58,rs4671357
59,rs4731925
60,rs4814873
61,rs4949465
62,rs4957528
63,rs549845
64,rs57611503
65,rs6011779
66,rs60952428
67,rs6119897
68,rs62098013
69,rs62135536
70,rs62155874
71,rs62175972
72,rs624833
73,rs6598539
74,rs6741228
75,rs67596067
76,rs6778080
77,rs6779302
78,rs6935954
79,rs6957896
80,rs6962772
81,rs7039819
82,rs7077678
83,rs71367545
84,rs7155595
85,rs71627581
86,rs72678864
87,rs7297175
88,rs732083
89,rs73220544
90,rs7333559
91,rs74086911
92,rs7519626
93,rs7528604
94,rs7553348
95,rs7569203
96,rs75742406
97,rs76608582
98,rs7766610
99,rs7807019
100,rs8042134
101,rs8042849
102,rs860326
103,rs8614
104,rs889398
105,rs9842947
106,rs986391
107,rs9904288
108,rs9919670
