SNP,effect_allele,other_allele,eaf,beta,se,pval,N
rs705687,G,A,0.785,-0.010904017,0.001775889,8.15E-10,939356
rs58107686,A,C,0.328,-0.009747126,0.00158537,7.79E-10,902538
rs12088813,C,A,0.267,-0.009329047,0.001649158,1.58E-08,939356
rs5024204,T,A,0.278,0.009702711,0.001628467,2.55E-09,939356
rs10753661,A,G,0.684,-0.008638128,0.001569272,3.76E-08,939356
rs28680958,A,G,0.217,-0.010996457,0.001769942,5.13E-10,939356
rs823114,A,G,0.553,0.00876774,0.001467417,2.31E-09,939356
rs77165542,T,C,0.0349,-0.026010899,0.003971245,5.63E-11,941280
rs1260326,C,T,0.601,0.020889835,0.001488339,8.05E-45,941280
rs2178197,G,A,0.569083,-0.008781445,0.001471773,2.45E-09,941280
rs13383034,T,C,0.329,0.014926977,0.001551195,6.31E-22,941280
rs1004787,A,G,0.550918,0.008442835,0.001465275,8.4E-09,941280
rs13032049,G,A,0.283,0.01019455,0.001617979,3E-10,941280
rs828867,A,G,0.545,0.008757157,0.001463597,2.15E-09,941280
rs11692435,A,G,0.0852,0.017449894,0.00261585,2.53E-11,937516
rs13024996,A,C,0.364,-0.010912645,0.001514769,5.72E-13,941280
rs72859280,T,G,0.0362,0.022885324,0.003901915,4.44E-09,941280
rs56337305,C,T,0.383,-0.009588381,0.001499283,1.63E-10,941280
rs13094887,T,A,0.301,-0.010309671,0.001588926,8.57E-11,941280
rs62250685,G,A,0.614,-0.014357061,0.001500092,1.05E-21,937516
rs74664784,C,T,0.359,-0.012656173,0.001647693,1.58E-14,800322
rs13066454,T,C,0.398,-0.008775946,0.001491956,4.13E-09,937516
rs9838144,C,G,0.209,-0.009964223,0.001792521,2.65E-08,941280
rs2011092,C,T,0.338643,-0.008900405,0.001540056,7.35E-09,941280
rs60654199,A,C,0.0629,-0.016660294,0.003001977,2.85E-08,941280
rs6787172,G,T,0.554,-0.008030894,0.001466234,4.27E-08,941280
rs3748034,T,G,0.143,-0.011740341,0.002081935,1.67E-08,941280
rs7682824,T,C,0.548,0.008356086,0.001503224,2.77E-08,893313
rs11940694,G,A,0.597,0.025949908,0.001485887,3.03E-68,941280
rs35538052,A,G,0.379,-0.008524877,0.001502312,1.39E-08,941280
rs4501255,G,C,0.235,0.010693415,0.001718941,4.83E-10,941280
rs12499107,G,A,0.131202,0.012661209,0.002158718,4.45E-09,941280
rs144198753,T,C,0.016315,-0.041827072,0.005903446,1.35E-12,893955
rs1154414,C,T,0.141063,0.017630373,0.002093815,3.74E-17,941280
rs1229984,C,T,0.963,0.150533575,0.003861105,<2.2e-308,941280
rs10028756,A,G,0.129457,-0.018574761,0.002171039,1.16E-17,941280
rs561222871,T,C,0.047377,-0.038806771,0.00361875,6.56E-27,845988
rs36052336,G,A,0.061496,-0.018428809,0.00303378,1.23E-09,941280
rs2165670,A,G,0.106337,0.02308038,0.002364267,1.67E-22,941280
rs17029090,G,A,0.019896,-0.049127366,0.005219232,4.75E-21,941280
rs79139602,T,A,0.021061,0.06027231,0.005075844,1.8E-32,941280
rs4699791,A,G,0.095726,0.018570721,0.002477197,6.58E-14,941280
rs13107325,T,C,0.0722,-0.027504515,0.002815982,1.53E-22,941280
rs4690727,G,C,0.718,0.010816985,0.001619716,2.43E-11,941280
rs10004020,A,G,0.72,0.009052333,0.001623231,2.43E-08,941280
rs12651313,G,C,0.443,-0.008642927,0.001467223,3.79E-09,941280
rs4916723,C,A,0.416,-0.009952257,0.001478674,1.72E-11,941280
rs12655091,A,G,0.53,-0.008312109,0.001460289,1.25E-08,941280
rs55872084,T,G,0.235,0.009978744,0.001718941,6.32E-09,941280
rs11739827,T,G,0.451,-0.008375229,0.001469112,1.18E-08,935645
rs10085696,G,A,0.186,-0.011408902,0.001873083,1.12E-09,941280
rs6460047,C,T,0.208,0.011623538,0.00179569,9.69E-11,941280
rs10236149,G,A,0.123,-0.013498145,0.002219081,1.18E-09,941280
rs35034355,A,G,0.521,-0.008096817,0.001458945,2.87E-08,941280
rs6951574,C,T,0.458,0.013222216,0.001462828,1.58E-19,941280
rs13250583,T,C,0.213,-0.009717545,0.001780116,0.000000047,941280
rs1217091,C,T,0.812,0.012160827,0.001865386,7.05E-11,941280
rs28601761,G,C,0.42,0.009102878,0.001476682,7.17E-10,941280
rs55932213,G,A,0.736387,0.009488271,0.001654204,9.55E-09,941280
rs10978550,C,T,0.206,-0.011748331,0.001802112,7.15E-11,941280
rs7074871,A,G,0.255,-0.00939985,0.001672158,1.86E-08,941280
rs17665139,T,C,0.149,-0.011560138,0.002046764,1.59E-08,941280
rs7950166,T,C,0.637,-0.009799202,0.001515663,9.89E-11,941280
rs11030084,T,C,0.184,-0.010606819,0.001880926,1.72E-08,941280
rs56030824,A,G,0.322,-0.011601888,0.001562978,1.15E-13,937516
rs10750025,T,C,0.686,0.010321447,0.001570358,4.89E-11,941280
rs1713676,G,A,0.522454,-0.007991984,0.00145913,4.29E-08,941280
rs4938230,A,C,0.842,0.012810377,0.001998209,1.48E-10,941280
rs682011,C,T,0.559,0.008212447,0.001467913,2.22E-08,941280
rs12795042,C,A,0.623,-0.008319009,0.001503872,3.25E-08,941280
rs10876188,T,C,0.457,-0.007986853,0.001463078,4.84E-08,941280
rs3809162,G,A,0.397,0.009060925,0.001489607,1.19E-09,941280
rs10506274,T,G,0.484,-0.009037403,0.001458405,5.78E-10,941280
rs4842786,A,G,0.584,-0.008797801,0.001478674,2.73E-09,941280
rs500321,T,A,0.736,-0.009669361,0.001653426,4.92E-09,941280
rs1123285,G,C,0.335,-0.008897365,0.00154416,8.14E-09,941280
rs2180870,C,T,0.135,-0.012177537,0.002132803,1.12E-08,941280
rs28929474,T,C,0.0183,-0.036799624,0.005437642,1.34E-11,941280
rs11625650,A,G,0.233,-0.009568091,0.00172405,2.89E-08,941280
rs2472297,T,C,0.249,0.010606047,0.001685411,3.1E-10,941280
rs12907323,G,A,0.411,0.008496596,0.001481314,9.93E-09,941280
rs2764771,A,G,0.307,0.009890596,0.001581736,4.02E-10,939356
rs17177078,T,C,0.0626,-0.02231549,0.003011759,1.27E-13,939356
rs378421,A,G,0.404,-0.011205474,0.001486812,4.83E-14,939356
rs113443718,A,G,0.305,-0.010208258,0.001584629,1.19E-10,939356
rs62044525,G,C,0.184,-0.01217318,0.001882851,1.03E-10,939356
rs7185555,C,G,0.153,-0.011100514,0.002026667,4.24E-08,939356
rs79616692,C,G,0.108,0.016302272,0.002350583,4.11E-12,939356
rs1104608,C,G,0.425,-0.010974988,0.001475848,1.05E-13,939356
rs4548913,A,G,0.632,-0.008359953,0.001511274,3.11E-08,941280
rs3803800,G,A,0.786,0.011378876,0.001777082,1.5E-10,941280
rs2854334,G,A,0.615,0.009220984,0.001497813,7.51E-10,941280
.,A,C,0.215,-0.021800138,0.002558533,1.62E-17,452564
rs10438820,T,C,0.702,0.008971778,0.001593488,1.76E-08,941280
rs9950000,T,C,0.395,-0.009117697,0.001490903,9.38E-10,941280
rs4092465,G,A,0.635,-0.008291878,0.001513883,4.39E-08,941280
rs281379,A,G,0.508,0.013722336,0.001457844,4.91E-21,941280
rs4815364,A,G,0.616,0.008582356,0.001498544,1.02E-08,941280
rs9607814,A,C,0.2,-0.010181001,0.001858788,4.31E-08,904462