SNP,yg,ygse
rs10052591,0.094640404,0.035215158
rs10226228,-0.037488444,0.036390273
rs10282292,0.002596626,0.033824236
rs1050847,-5.00E-04,0.032456003
rs10823968,0.066139803,0.036133881
rs10879871,-0.019704583,0.036065206
rs10918701,0.029119899,0.036049204
rs10922907,0.053295297,0.035271657
rs11210229,0.001901807,0.032036394
rs112282219,-0.055813065,0.096190734
rs11255908,-0.024302293,0.037818902
rs113382419,-0.023325825,0.056965558
rs11768481,0.03853295,0.041426978
rs11783093,-0.017053755,0.047422937
rs11861214,0.005314095,0.038880736
rs1193237,-0.004489905,0.032979669
rs11948770,-0.05694728,0.04109218
rs12202536,-0.032176732,0.035433815
rs1221148,0.045311223,0.036000322
rs12244388,0.009545413,0.033736193
rs1246265,-0.051358292,0.038788842
rs12481282,0.021121497,0.038780316
rs12623702,0.005113049,0.03383672
rs12708665,-0.018821754,0.037532311
rs12831617,-0.020586634,0.039953583
rs12967855,0.035316345,0.036922455
rs13009008,0.086975014,0.036912515
rs13016665,-0.022250609,0.035209353
rs13153393,-0.005087039,0.053606108
rs13296519,0.012983928,0.03522291
rs136233,-0.110198792,0.044790461
rs147412694,-0.062317306,0.052373737
rs17309874,-0.048980622,0.04185419
rs17553262,-0.021076326,0.054732869
rs17576594,0.027576768,0.039238599
rs1922018,0.044579043,0.03710009
rs1931263,0.011768984,0.033489889
rs1933270,0.044160896,0.035918712
rs202645,-0.074921927,0.044288347
rs2062882,0.057311367,0.038983914
rs2080870,0.043116291,0.040121765
rs2254710,-3.00E-04,0.040792134
rs2401924,0.03386707,0.0347318
rs245774,-0.02810143,0.038216552
rs2675638,0.005615739,0.032948378
rs2678670,0.016637641,0.034603411
rs2838834,0.009646377,0.036419028
rs28485305,0.035109177,0.035703681
rs2867112,0.004409708,0.044266289
rs2890772,-0.03854741,0.035309176
rs2894808,0.096951526,0.064410352
rs317021,-0.108495596,0.047193554
rs326341,0.017858518,0.034640019
rs329120,0.017960325,0.03411707
rs34866095,-0.021076326,0.036737325
rs348809,-0.015184135,0.035083569
rs35169606,-0.03237038,0.04013175
rs35175834,-0.10300775,0.041303905
rs35343344,0.033143219,0.040927347
rs359243,0.045415864,0.036736371
rs369230,-0.010841023,0.037556203
rs3742365,-0.063068691,0.035943508
rs3769949,-0.015085637,0.033537234
rs3811038,-0.026934001,0.038019324
rs3896224,0.040301297,0.035669051
rs421983,-0.017643435,0.033760287
rs4391802,0.019896632,0.038020253
rs4473348,0.008637193,0.038198174
rs4543592,-0.031014054,0.034965448
rs4671357,-0.060812839,0.035827285
rs4731925,-0.073436318,0.038607777
rs4814873,0.048245313,0.042647674
rs4949465,-0.068779515,0.051726823
rs4957528,0.017451394,0.044460477
rs549845,0.087084107,0.037521998
rs57611503,-0.011236632,0.035398026
rs6011779,0.041551427,0.042221145
rs60952428,0.084360349,0.064580169
rs6119897,-0.050407903,0.041461005
rs61796681,0.010050336,0.061970025
rs62098013,0.012882626,0.036672877
rs62135536,-0.070738015,0.115244121
rs62155874,-0.014494446,0.050774106
rs62175972,-0.001199281,0.085565752
rs624833,-0.036428357,0.037629209
rs6562474,0.07364654,0.036908581
rs6598539,-0.026057534,0.03487423
rs6741228,0.014504686,0.033942722
rs67596067,0.013794711,0.037367816
rs6778080,0.047074407,0.038702876
rs6779302,0.013287894,0.034849439
rs6935954,0.014790085,0.035646056
rs6957896,0.005414633,0.03322262
rs6962772,0.048560191,0.059703467
rs7039819,0.006923915,0.033556346
rs7077678,-2.00E-04,0.037966191
rs71367545,-0.047169804,0.044913378
rs7155595,0.009040745,0.036124235
rs71627581,0.066353501,0.058176835
rs72674867,0.05245186,0.040817999
rs72678864,0.047720736,0.050343931
rs7297175,-0.063725691,0.037045765
rs732083,-0.070272053,0.03677389
rs73220544,-0.075571187,0.050129419
rs7333559,0.073431278,0.042738154
rs74086911,-0.043251042,0.064270842
rs7519626,0.007830579,0.03565638
rs7528604,0.036249133,0.035130802
rs7553348,-0.021859334,0.034729739
rs7569203,0.011667805,0.035792757
rs75742406,0.040093094,0.041756873
rs76608582,-0.027906953,0.123636792
rs775758,0.056252942,0.035359148
rs7766610,-0.002596626,0.040748214
rs7807019,-0.044590883,0.035078814
rs8042134,-0.058080211,0.036305676
rs8042849,-0.044399587,0.036580613
rs860326,0.016434306,0.034539977
rs8614,-0.079365555,0.048818683
rs889398,0.070315174,0.036063129
rs9435340,0.032316601,0.036264283
rs9842947,-0.03469124,0.038653801
rs986391,0.073754189,0.036461973
rs9904288,0.028193734,0.037692599
rs9919670,0.050767117,0.035715717
rs10236149,-0.056041391,0.049387549
rs10438820,-0.017960325,0.036757864
rs10506274,-0.041551427,0.034906791
rs10750025,-0.020096702,0.036619886
rs10753661,-0.041655675,0.037672119
rs10978550,-0.032523192,0.043753555
rs11030084,-0.039468744,0.045728555
rs11692435,-0.066032971,0.06606954
rs11940694,0.01349059,0.034157532
rs12088813,-0.002202424,0.037100346
rs1217091,0.038836024,0.04464774
rs1229984,0.605502671,0.103036468
rs1260326,-0.005917474,0.033666872
rs12655091,0.05088321,0.035277637
rs12795042,-0.032757564,0.035768746
rs12907323,0.098305689,0.035492371
rs13024996,-0.047196435,0.037120533
rs13032049,0.047741996,0.042557326
rs13107325,-0.055829885,0.066282452
rs13250583,-0.043325125,0.044467004
rs13383034,-0.007729798,0.035347014
rs17177078,0.011038847,0.068459022
rs17665139,-0.069778895,0.051250122
rs2011092,-0.029325829,0.037671811
rs2165670,0.070551656,0.060274281
rs2472297,-0.005113049,0.043511197
rs281379,0.057608313,0.0358398
rs2854334,0.050027494,0.037011505
rs28680958,0.018527305,0.040518242
rs28929474,-0.488901066,0.164457489
rs35034355,-0.005716307,0.032896017
rs3748034,0.071110627,0.050765237
rs378421,-0.036767724,0.03599274
rs3803800,0.049742092,0.042487292
rs3809162,-0.031181117,0.035759689
rs4092465,-0.060068526,0.037506683
rs4548913,0.052212871,0.036776518
rs4815364,0.048885398,0.036207508
rs4842786,-0.05694728,0.03594374
rs4916723,-0.008233805,0.034510358
rs4938230,-0.032213322,0.046019775
rs55872084,0.02644717,0.04238004
rs55932213,-3.00E-04,0.032757555
rs56030824,0.026252371,0.037048955
rs56337305,-0.041342964,0.03644173
rs58107686,0.058174564,0.037120235
rs62250685,0.031800313,0.039400318
rs6460047,0.029655885,0.04293816
rs6787172,-0.004912044,0.033121087
rs682011,0.005314095,0.032983403
rs6951574,-0.001100605,0.033004794
rs705687,0.062317306,0.044664908
rs7074871,0.044016885,0.039220762
rs72859280,-0.006118681,0.094604293
rs77165542,-0.04845522,0.116553936
rs7950166,0.011829752,0.03481814
rs823114,0.058551887,0.035614195
rs828867,0.049551779,0.03681733
rs9607814,-0.09145761,0.04517478
rs9950000,-3.00E-04,0.028075949