SNP,xg,xgse,Exposure 
rs10052591,0.00839979,0.00140216,CSI
rs10052591,0.00565,0.00301,DPW
rs10226228,-0.0114099,0.00143702,CSI
rs10226228,0.003,0.00312,DPW
rs10236149,-0.0144,0.00472,DPW
rs10236149,-0.0106998,0.00209008,CSI
rs10282292,0.00896219,0.0014469,CSI
rs10282292,0.00256,0.00314,DPW
rs10438820,0.0118,0.00326,DPW
rs10438820,0.000325632,0.00150764,CSI
rs10506274,-0.00759,0.00304,DPW
rs10506274,-0.00254487,0.00138695,CSI
rs1050847,0.00797046,0.00140503,CSI
rs1050847,0.00137,0.00318,DPW
rs10750025,0.0122,0.00334,DPW
rs10750025,0.0035938,0.00149445,CSI
rs10753661,-0.00683,0.00325,DPW
rs10753661,-0.00504633,0.00149286,CSI
rs10823968,0.00813544,0.00145258,CSI
rs10823968,0.00398,0.00315,DPW
rs10879871,-0.00957988,0.00145803,CSI
rs10879871,-0.00691,0.0032,DPW
rs10918701,0.00802389,0.00143191,CSI
rs10918701,0.00549,0.0031,DPW
rs10922907,0.0101748,0.00139495,CSI
rs10922907,0.00588,0.00304,DPW
rs10978550,-0.00657,0.00379,DPW
rs10978550,-0.00269419,0.00172765,CSI
rs11030084,-0.0112,0.00392,DPW
rs11030084,-0.0118922,0.00178018,CSI
rs11210229,0.011702,0.00142273,CSI
rs11210229,0.00484,0.00313,DPW
rs112282219,-0.0231662,0.00350418,CSI
rs112282219,-0.0192,0.00798,DPW
rs11255908,-0.0100713,0.00158809,CSI
rs11255908,-3.00E-04,0.00358,DPW
rs113382419,-0.0282339,0.00221376,CSI
rs113382419,0.00194,0.00504,DPW
rs11692435,0.0062,0.00492,DPW
rs11692435,0.00938366,0.00261816,CSI
rs11768481,0.00901238,0.00147464,CSI
rs11768481,0.00127,0.00337,DPW
rs11783093,0.01571,0.00189655,CSI
rs11783093,-0.00568,0.00425,DPW
rs11861214,0.00945079,0.00168455,CSI
rs11861214,-0.0082,0.00387,DPW
rs1193237,-0.00776138,0.00139716,CSI
rs1193237,-0.00195,0.00299,DPW
rs11940694,0.0229,0.00308,DPW
rs11940694,-0.00182766,0.0014259,CSI
rs11948770,-0.0102364,0.00164524,CSI
rs11948770,-0.00576,0.00362,DPW
rs12088813,-0.00414,0.00345,DPW
rs12088813,-0.00989608,0.00155615,CSI
rs1217091,0.0115,0.00395,DPW
rs1217091,0.00211868,0.00177045,CSI
rs12202536,-0.00823391,0.00138601,CSI
rs12202536,-0.00467,0.00301,DPW
rs1221148,0.00916504,0.00140711,CSI
rs1221148,-0.000955,0.00307,DPW
rs12244388,-0.0132503,0.00146413,CSI
rs12244388,-0.00737,0.0031,DPW
rs1229984,0.186,0.0105,DPW
rs1229984,-0.00529438,0.00420359,CSI
rs1246265,-0.00886526,0.00150907,CSI
rs1246265,-0.00288,0.00329,DPW
rs12481282,-0.00894356,0.00154935,CSI
rs12481282,-0.0045,0.00346,DPW
rs1260326,0.0135,0.00303,DPW
rs1260326,-0.00241282,0.00141394,CSI
rs12623702,-0.00977238,0.00142787,CSI
rs12623702,-0.0088,0.00318,DPW
rs12655091,-0.0111,0.00303,DPW
rs12655091,0.00238242,0.00138855,CSI
rs12708665,-0.0090871,0.00153886,CSI
rs12708665,-0.00269,0.00324,DPW
rs12795042,-0.0136,0.00322,DPW
rs12795042,-0.00310871,0.00144674,CSI
rs12831617,-0.00918459,0.00163314,CSI
rs12831617,-0.00283,0.0037,DPW
rs12907323,0.00744,0.00301,DPW
rs12907323,0.00193777,0.00141456,CSI
rs12967855,0.0081887,0.00147934,CSI
rs12967855,0.00501,0.00311,DPW
rs13009008,0.00863272,0.00147329,CSI
rs13009008,-0.00507,0.00324,DPW
rs13016665,-0.00848745,0.0014118,CSI
rs13016665,-0.00859,0.00317,DPW
rs13024996,-0.00898,0.00316,DPW
rs13024996,0.0014974,0.00143332,CSI
rs13032049,0.0162,0.00342,DPW
rs13032049,0.00233748,0.00154273,CSI
rs13107325,-0.0367,0.00694,DPW
rs13107325,-0.00381484,0.00263369,CSI
rs13153393,-0.0137451,0.00217329,CSI
rs13153393,-0.00127,0.005,DPW
rs13250583,-0.00996,0.00367,DPW
rs13250583,-0.00169279,0.0016947,CSI
rs13296519,-0.00970128,0.00141888,CSI
rs13296519,-0.00298,0.00317,DPW
rs13383034,0.0118,0.00315,DPW
rs13383034,0.010739,0.00150297,CSI
rs136233,-0.00995614,0.00176918,CSI
rs136233,-0.000977,0.00377,DPW
rs147412694,-0.0115726,0.00194865,CSI
rs147412694,-0.00736,0.00455,DPW
rs17177078,-0.0183,0.00611,DPW
rs17177078,-0.00863514,0.00300541,CSI
rs17309874,-0.0112899,0.00158234,CSI
rs17309874,0.00236,0.00349,DPW
rs17553262,-0.0127323,0.00218148,CSI
rs17553262,0.00221,0.00506,DPW
rs17576594,0.0109502,0.00155159,CSI
rs17576594,0.00347,0.00335,DPW
rs17665139,-0.0124,0.00418,DPW
rs17665139,-0.00240118,0.00194068,CSI
rs1922018,0.0100328,0.00143771,CSI
rs1922018,0.00136,0.00314,DPW
rs1931263,-0.00760874,0.0013858,CSI
rs1931263,0.0016,0.00293,DPW
rs1933270,0.00921831,0.00143808,CSI
rs1933270,-0.000527,0.00321,DPW
rs2011092,-0.00165,0.00316,DPW
rs2011092,-0.00211699,0.00145887,CSI
rs202645,-0.0101598,0.00172497,CSI
rs202645,-0.00329,0.00385,DPW
rs2062882,-0.0081103,0.00141998,CSI
rs2062882,-0.00226,0.0031,DPW
rs2080870,0.00863309,0.00158257,CSI
rs2080870,0.00532,0.00344,DPW
rs2165670,0.0253,0.00459,DPW
rs2165670,-0.00233744,0.00229475,CSI
rs2254710,0.00899636,0.00163085,CSI
rs2254710,0.0017,0.00367,DPW
rs2401924,0.0105718,0.00138906,CSI
rs2401924,-0.000968,0.00295,DPW
rs245774,-0.00901601,0.00155972,CSI
rs245774,-9.64E-05,0.0034,DPW
rs2472297,0.00943,0.00372,DPW
rs2472297,-0.00130022,0.00157191,CSI
rs2675638,0.00849857,0.00140017,CSI
rs2675638,0.00171,0.00304,DPW
rs2678670,0.00873079,0.00138756,CSI
rs2678670,0.00545,0.00307,DPW
rs281379,0.018,0.0031,DPW
rs281379,-0.000360985,0.00138741,CSI
rs2838834,-0.00936489,0.00151488,CSI
rs2838834,-5.00E-05,0.00332,DPW
rs28485305,0.00800666,0.00143887,CSI
rs28485305,0.00237,0.00303,DPW
rs2854334,0.0115,0.00303,DPW
rs2854334,0.00212593,0.00143163,CSI
rs2867112,0.0147832,0.00188747,CSI
rs2867112,0.00431,0.00408,DPW
rs28680958,-0.0136,0.00374,DPW
rs28680958,-0.00640463,0.0016767,CSI
rs2890772,-0.0136979,0.00140672,CSI
rs2890772,-0.000358,0.00314,DPW
rs28929474,-0.0362,0.012,DPW
rs28929474,-0.0156939,0.00498278,CSI
rs2894808,-0.0152983,0.0025912,CSI
rs2894808,0.00521,0.00543,DPW
rs317021,-0.011567,0.00179087,CSI
rs317021,-0.00426,0.004,DPW
rs326341,0.00943522,0.00139247,CSI
rs326341,0.0042,0.003,DPW
rs329120,0.00965704,0.00140509,CSI
rs329120,-0.00269,0.00279,DPW
rs34866095,-0.00857198,0.00150558,CSI
rs34866095,-0.00114,0.00327,DPW
rs348809,-0.00828381,0.00145602,CSI
rs348809,-0.00359,0.00309,DPW
rs35034355,-0.00879,0.00294,DPW
rs35034355,-0.000879896,0.00138663,CSI
rs35169606,0.00877627,0.00144385,CSI
rs35169606,-0.00729,0.00338,DPW
rs35175834,-0.0164032,0.00169847,CSI
rs35175834,-0.00487,0.00362,DPW
rs35343344,0.00918144,0.00159594,CSI
rs35343344,0.00212,0.0039,DPW
rs359243,-0.00871975,0.00142539,CSI
rs359243,-0.00372,0.00308,DPW
rs369230,-0.00908882,0.001511,CSI
rs369230,-0.00611,0.00366,DPW
rs3742365,-0.0107929,0.0014159,CSI
rs3742365,-0.00124,0.00312,DPW
rs3748034,-0.0177,0.00464,DPW
rs3748034,-0.000126144,0.00198465,CSI
rs3769949,-0.00825646,0.00138563,CSI
rs3769949,-0.00346,0.00306,DPW
rs378421,-0.0167,0.00322,DPW
rs378421,0.00210689,0.00141485,CSI
rs3803800,0.0107,0.00381,DPW
rs3803800,0.00256698,0.00169623,CSI
rs3809162,0.00944,0.00316,DPW
rs3809162,-0.00353302,0.00140945,CSI
rs3811038,-0.00954466,0.00155745,CSI
rs3811038,-0.00859,0.00332,DPW
rs3896224,0.00962696,0.00141792,CSI
rs3896224,0.000998,0.00342,DPW
rs4092465,-0.0138,0.00328,DPW
rs4092465,-0.002111,0.00145775,CSI
rs421983,0.00870743,0.00138561,CSI
rs421983,0.00477,0.00305,DPW
rs4391802,0.0103191,0.00152789,CSI
rs4391802,0.00503,0.00331,DPW
rs4473348,-0.0104317,0.00159675,CSI
rs4473348,-0.00773,0.00366,DPW
rs4543592,-0.00866243,0.0013891,CSI
rs4543592,0.00075,0.00308,DPW
rs4548913,-0.00394,0.00314,DPW
rs4548913,0.00266613,0.00144836,CSI
rs4571506,0.00787701,0.00139172,CSI
rs4571506,-0.00605,0.00298,DPW
rs4671357,-0.00944175,0.00138991,CSI
rs4671357,0.000342,0.003,DPW
rs4731925,-0.00829239,0.00149022,CSI
rs4731925,0.00416,0.00328,DPW
rs4814873,0.00971214,0.00163637,CSI
rs4814873,0.00436,0.00356,DPW
rs4815364,0.00777,0.00328,DPW
rs4815364,0.0047521,0.0014233,CSI
rs4842786,-0.0149,0.00308,DPW
rs4842786,0.000828388,0.00140858,CSI
rs4916723,-0.00969,0.00306,DPW
rs4916723,0.00505771,0.00141811,CSI
rs4938230,0.0126,0.00421,DPW
rs4938230,0.00517405,0.00193628,CSI
rs4949465,-0.0116055,0.00205788,CSI
rs4949465,0.00255,0.00462,DPW
rs4957528,-0.0101225,0.00172212,CSI
rs4957528,0.005,0.00383,DPW
rs549845,0.0112613,0.00150857,CSI
rs549845,0.000432,0.00336,DPW
rs55872084,0.0203,0.00359,DPW
rs55872084,-0.00467309,0.00161681,CSI
rs55932213,0.00908,0.00355,DPW
rs55932213,0.00182963,0.00161742,CSI
rs56030824,-0.0131,0.00323,DPW
rs56030824,-0.00386761,0.00148255,CSI
rs56337305,-0.0108,0.00314,DPW
rs56337305,-0.00717583,0.00143485,CSI
rs57611503,0.00774344,0.00141026,CSI
rs57611503,-0.0086,0.00331,DPW
rs58107686,-0.0127,0.00356,DPW
rs58107686,-0.00506485,0.00147313,CSI
rs6011779,0.0191152,0.00176364,CSI
rs6011779,-0.00346,0.00469,DPW
rs60952428,0.0134109,0.00241933,CSI
rs60952428,0.00139,0.00564,DPW
rs6119897,-0.0128038,0.00162704,CSI
rs6119897,-0.00393,0.00313,DPW
rs61796681,-0.0134163,0.00244752,CSI
rs61796681,-0.00344,0.00536,DPW
rs62098013,-0.00856663,0.00145676,CSI
rs62098013,0.00195,0.00324,DPW
rs62135536,0.0243444,0.00396165,CSI
rs62135536,0.025,0.00914,DPW
rs62155874,-0.0169073,0.00208546,CSI
rs62155874,-0.000264,0.00469,DPW
rs62175972,0.0217461,0.00385678,CSI
rs62175972,0.00195,0.00845,DPW
rs62250685,-0.0124,0.0031,DPW
rs62250685,-0.00784005,0.00142475,CSI
rs624833,0.00928567,0.00150361,CSI
rs624833,0.00416,0.00324,DPW
rs6460047,0.00687,0.00383,DPW
rs6460047,0.0036531,0.00171068,CSI
rs6562474,0.00836914,0.0014611,CSI
rs6562474,0.00263,0.00308,DPW
rs6598539,-0.00815056,0.00138941,CSI
rs6598539,-0.00311,0.00299,DPW
rs6741228,0.00793282,0.00140363,CSI
rs6741228,0.00154,0.00312,DPW
rs67596067,-0.00887666,0.00145843,CSI
rs67596067,0.00128,0.00323,DPW
rs6778080,0.0111141,0.00156621,CSI
rs6778080,0.00259,0.00344,DPW
rs6779302,-0.00875253,0.0014392,CSI
rs6779302,-0.00519,0.00322,DPW
rs6787172,-0.012,0.00303,DPW
rs6787172,-0.00404211,0.00139583,CSI
rs682011,0.00806,0.00304,DPW
rs682011,0.00777772,0.00139381,CSI
rs6935954,0.0095817,0.00140192,CSI
rs6935954,0.00418,0.00315,DPW
rs6951574,0.00975,0.00337,DPW
rs6951574,0.00663913,0.00140148,CSI
rs6957896,-0.00758434,0.00138695,CSI
rs6957896,0.000991,0.00306,DPW
rs6962772,0.011064,0.00191645,CSI
rs6962772,0.00924,0.00413,DPW
rs7039819,0.00873433,0.00140501,CSI
rs7039819,-0.00966,0.00306,DPW
rs705687,-0.0045,0.00368,DPW
rs705687,0.000352302,0.00166415,CSI
rs7074871,-0.0104,0.00347,DPW
rs7074871,-0.0035586,0.00158296,CSI
rs7077678,0.00855025,0.00143575,CSI
rs7077678,0.00118,0.00317,DPW
rs71367545,-0.0103197,0.0017038,CSI
rs71367545,0.00393,0.00375,DPW
rs7155595,-0.00885162,0.00148508,CSI
rs7155595,-0.00392,0.003,DPW
rs71627581,0.0132566,0.00219871,CSI
rs71627581,0.00277,0.00527,DPW
rs72674867,0.00898766,0.00163396,CSI
rs72674867,-0.000317,0.0034,DPW
rs72678864,0.0123829,0.0018387,CSI
rs72678864,0.00409,0.00449,DPW
rs72859280,0.0347,0.00873,DPW
rs72859280,0.00370077,0.00369997,CSI
rs7297175,-0.00811649,0.0013992,CSI
rs7297175,0.00442,0.00303,DPW
rs732083,0.00834823,0.00147311,CSI
rs732083,-0.00477,0.00324,DPW
rs73220544,-0.0108189,0.0019126,CSI
rs73220544,0.00218,0.00422,DPW
rs7333559,0.01074,0.00170716,CSI
rs7333559,-0.00588,0.00388,DPW
rs74086911,0.0148021,0.00264197,CSI
rs74086911,0.0163,0.00594,DPW
rs7519626,0.00842015,0.00147893,CSI
rs7519626,-0.00259,0.00317,DPW
rs7528604,0.00965269,0.00140141,CSI
rs7528604,0.0033,0.00302,DPW
rs7553348,0.00963399,0.00139643,CSI
rs7553348,0.00718,0.00303,DPW
rs7569203,-0.0107595,0.0015002,CSI
rs7569203,-0.0117,0.00315,DPW
rs75742406,0.00961948,0.00158486,CSI
rs75742406,0.00113,0.00337,DPW
rs76608582,0.0216317,0.00344003,CSI
rs76608582,-0.000306,0.00881,DPW
rs77165542,-0.0143,0.01,DPW
rs77165542,-0.0201568,0.00378614,CSI
rs775758,0.00801379,0.00140266,CSI
rs775758,0.00205,0.003,DPW
rs7766610,0.0125839,0.00179283,CSI
rs7766610,0.0078,0.00379,DPW
rs7807019,-0.0104211,0.00139062,CSI
rs7807019,-6.69E-05,0.00298,DPW
rs7950166,-0.00941,0.0031,DPW
rs7950166,-0.00127745,0.00144645,CSI
rs8042134,-0.00994136,0.0014011,CSI
rs8042134,-0.00254,0.00309,DPW
rs8042849,0.0192164,0.00146183,CSI
rs8042849,0.00189,0.00327,DPW
rs823114,0.0101,0.00302,DPW
rs823114,0.00367894,0.00139011,CSI
rs828867,0.00717,0.00311,DPW
rs828867,0.00551016,0.00141441,CSI
rs860326,0.00833808,0.0014023,CSI
rs860326,0.00435,0.00293,DPW
rs8614,-0.0114612,0.00179679,CSI
rs8614,0.00236,0.00434,DPW
rs889398,0.0092407,0.00141367,CSI
rs889398,-0.000849,0.00306,DPW
rs9435340,0.00834773,0.00146424,CSI
rs9435340,-0.00221,0.00338,DPW
rs9607814,-0.00669,0.00424,DPW
rs9607814,-0.00907959,0.0017519,CSI
rs9842947,-0.00877189,0.00148073,CSI
rs9842947,0.000474,0.00328,DPW
rs986391,0.0111388,0.0014379,CSI
rs986391,0.00288,0.00318,DPW
rs9904288,0.00842758,0.0015229,CSI
rs9904288,-0.0084,0.00337,DPW
rs9919670,-0.0152438,0.00142114,CSI
rs9919670,-0.00269,0.00307,DPW
rs9950000,-0.00701,0.00307,DPW
rs9950000,0.00169274,0.00142479,CSI