"","x"
"1","rs705687"
"2","rs12130857"
"3","rs3820277"
"4","rs1889571"
"5","rs58107686"
"6","rs951740"
"7","rs12022778"
"8","rs4912332"
"9","rs10789369"
"10","rs1514176"
"11","rs11162019"
"12","rs1008078"
"13","rs12027999"
"14","rs10753661"
"15","rs28680958"
"16","rs35656245"
"17","rs823114"
"18","rs12739243"
"19","rs876793"
"20","rs77165542"
"21","rs6731872"
"22","rs1260326"
"23","rs13383034"
"24","rs10490159"
"25","rs13032049"
"26","rs828867"
"27","rs11692435"
"28","rs1901477"
"29","rs3811038"
"30","rs13024996"
"31","rs72859280"
"32","rs12474587"
"33","rs13007361"
"34","rs6750529"
"35","rs17229285"
"36","rs62193862"
"37","rs56337305"
"38","rs11713899"
"39","rs748832"
"40","rs2526390"
"41","rs221988"
"42","rs62246017"
"43","rs62250685"
"44","rs6437769"
"45","rs9288999"
"46","rs6438436"
"47","rs2011092"
"48","rs2279829"
"49","rs6787172"
"50","rs1449012"
"51","rs1187820"
"52","rs7631379"
"53","rs3748034"
"54","rs59537158"
"55","rs11940694"
"56","rs112725451"
"57","rs1229984"
"58","rs2165670"
"59","rs13107325"
"60","rs3934797"
"61","rs71602617"
"62","rs7696257"
"63","rs1116690"
"64","rs13110073"
"65","rs12517438"
"66","rs71592686"
"67","rs6874731"
"68","rs4916723"
"69","rs72780746"
"70","rs329124"
"71","rs12655091"
"72","rs1385108"
"73","rs55872084"
"74","rs6890961"
"75","rs4044321"
"76","rs1150668"
"77","rs3218116"
"78","rs160631"
"79","rs7743165"
"80","rs10945141"
"81","rs6568832"
"82","rs12195240"
"83","rs6936160"
"84","rs118202"
"85","rs6948707"
"86","rs7809303"
"87","rs1030015"
"88","rs4727189"
"89","rs11768481"
"90","rs10236149"
"91","rs35034355"
"92","rs10233018"
"93","rs10953957"
"94","rs77283305"
"95","rs10279261"
"96","rs6951574"
"97","rs13250583"
"98","rs11783093"
"99","rs7836565"
"100","rs13261666"
"101","rs1217091"
"102","rs2063976"
"103","rs6986430"
"104","rs290601"
"105","rs3847244"
"106","rs11791671"
"107","rs7024924"
"108","rs10966092"
"109","rs4877285"
"110","rs2378662"
"111","rs55932213"
"112","rs10978550"
"113","rs4837631"
"114","rs34553878"
"115","rs1291821"
"116","rs7072776"
"117","rs2796793"
"118","rs1733760"
"119","rs11594623"
"120","rs12244388"
"121","rs7074871"
"122","rs10885480"
"123","rs4752018"
"124","rs17665139"
"125","rs7950166"
"126","rs11030084"
"127","rs2939756"
"128","rs56030824"
"129","rs61886926"
"130","rs644740"
"131","rs7943721"
"132","rs7929518"
"133","rs10750025"
"134","rs4938230"
"135","rs682011"
"136","rs2010921"
"137","rs12795042"
"138","rs11057005"
"139","rs3809162"
"140","rs7969559"
"141","rs10506274"
"142","rs4842786"
"143","rs77215829"
"144","rs1109480"
"145","rs11611651"
"146","rs17197663"
"147","rs4264267"
"148","rs61959481"
"149","rs55786907"
"150","rs9540731"
"151","rs9545155"
"152","rs1772572"
"153","rs12878369"
"154","rs9323328"
"155","rs1811739"
"156","rs8005334"
"157","rs28929474"
"158","rs2925128"
"159","rs1381287"
"160","rs1435672"
"161","rs281296"
"162","rs2289791"
"163","rs2472297"
"164","rs62007780"
"165","rs12907323"
"166","rs1139897"
"167","rs11076962"
"168","rs9922607"
"169","rs17177078"
"170","rs378421"
"171","rs12918191"
"172","rs9302604"
"173","rs117657830"
"174","rs1050847"
"175","rs11642231"
"176","rs4548913"
"177","rs3803800"
"178","rs2854334"
"179","rs3764351"
"180","rs75919030"
"181","rs10438820"
"182","rs34342129"
"183","rs4476253"
"184","rs8096225"
"185","rs67050670"
"186","rs9950000"
"187","rs4092465"
"188","rs71367544"
"189","rs76608582"
"190","rs10853981"
"191","rs113230003"
"192","rs281379"
"193","rs4815364"
"194","rs3810496"
"195","rs4818005"
"196","rs9607814"
