"","SNP","effect_allele","other_allele","beta","eaf","se","samplesize","ncase","ncontrol","pval"
"1","rs1008078","T","C",0.00267636,0.395467,0.00102932,461066,280508,180558,0.0093
"2","rs1022376","C","T",-0.00170035,0.51861,0.00100597,461066,280508,180558,0.091
"3","rs10233018","G","A",0.00778877,0.503991,0.00100495,461066,280508,180558,9.2e-15
"4","rs10279261","A","G",-0.00349304,0.616763,0.00103625,461066,280508,180558,0.00075
"5","rs1030015","T","G",0.00363465,0.518944,0.00100482,461066,280508,180558,3e-04
"6","rs10490159","T","C",0.00381215,0.401603,0.0010266,461066,280508,180558,2e-04
"7","rs1050847","T","C",-0.00319258,0.574154,0.00101802,461066,280508,180558,0.0017
"8","rs10789369","G","A",-0.00437936,0.631423,0.00103909,461066,280508,180558,2.5e-05
"9","rs10853981","A","G",0.0029095,0.330132,0.00106911,461066,280508,180558,0.0065
"10","rs10885480","C","T",-0.0037695,0.286548,0.00111568,461066,280508,180558,0.00073
"11","rs10914684","A","G",-0.00676491,0.325107,0.00107121,461066,280508,180558,2.7e-10
"12","rs10945141","A","G",0.00442541,0.259796,0.00114429,461066,280508,180558,0.00011
"13","rs10953957","A","G",0.00569747,0.375483,0.00104004,461066,280508,180558,4.3e-08
"14","rs10966092","C","T",-0.00607749,0.257521,0.00115055,461066,280508,180558,1.3e-07
"15","rs11057005","G","A",0.000354034,0.436945,0.00101817,461066,280508,180558,0.73
"16","rs1106363","T","C",0.00258661,0.333901,0.00106915,461066,280508,180558,0.016
"17","rs11076962","C","T",0.00278949,0.286698,0.00111502,461066,280508,180558,0.012
"18","rs1109480","A","G",-0.00457996,0.388627,0.00103868,461066,280508,180558,1e-05
"19","rs11162019","T","C",-0.00223076,0.36205,0.00104675,461066,280508,180558,0.033
"20","rs1116690","G","A",0.00412397,0.748487,0.00115578,461066,280508,180558,0.00036
"21","rs1126757","T","C",0.00396771,0.468659,0.00100867,461066,280508,180558,8.4e-05
"22","rs112725451","T","C",0.00316228,0.165719,0.00135306,461066,280508,180558,0.019
"23","rs113230003","A","G",-0.00234658,0.260532,0.00115335,461066,280508,180558,0.042
"24","rs1139897","A","G",-0.00789022,0.223831,0.00120621,461066,280508,180558,6.1e-11
"25","rs1150668","G","T",-0.00475863,0.436223,0.0010133,461066,280508,180558,2.7e-06
"26","rs11594623","C","T",0.00410899,0.247854,0.0011642,461066,280508,180558,0.00042
"27","rs11611651","A","G",0.00953841,0.087781,0.00177532,461066,280508,180558,7.8e-08
"28","rs11642231","A","G",-0.00155846,0.382749,0.00103175,461066,280508,180558,0.13
"29","rs11713899","C","A",0.00253035,0.176223,0.00132793,461066,280508,180558,0.057
"30","rs117657830","G","A",-0.00771373,0.045694,0.00241832,461066,280508,180558,0.0014
"31","rs11768481","A","C",-0.00441937,0.333836,0.0010687,461066,280508,180558,3.5e-05
"32","rs11783093","T","C",-0.00555636,0.161185,0.00137437,461066,280508,180558,5.3e-05
"33","rs11791671","T","C",0.00480073,0.067998,0.00199439,461066,280508,180558,0.016
"34","rs118202","T","G",-0.0106587,0.816914,0.00129772,461066,280508,180558,2.1e-16
"35","rs1187820","T","C",-0.00318567,0.448322,0.00102284,461066,280508,180558,0.0018
"36","rs12022778","C","A",0.00722956,0.20915,0.00123471,461066,280508,180558,4.8e-09
"37","rs12027999","C","T",-0.00820918,0.124824,0.00151965,461066,280508,180558,6.6e-08
"38","rs12130857","A","G",-0.00366303,0.332096,0.00107113,461066,280508,180558,0.00063
"39","rs12195240","A","G",0.0067172,0.28066,0.00111902,461066,280508,180558,1.9e-09
"40","rs12244388","A","G",0.00856683,0.338891,0.00106104,461066,280508,180558,6.8e-16
"41","rs12474587","T","G",0.00509228,0.447691,0.00101087,461066,280508,180558,4.7e-07
"42","rs12517438","G","T",0.00374059,0.541362,0.00100997,461066,280508,180558,0.00021
"43","rs12714017","C","T",0.00556304,0.500835,0.00100618,461066,280508,180558,3.2e-08
"44","rs12739243","C","T",-0.0047622,0.218182,0.0012178,461066,280508,180558,9.2e-05
"45","rs12878369","A","C",0.00438805,0.413381,0.00101973,461066,280508,180558,1.7e-05
"46","rs12918191","G","A",-0.00276583,0.246581,0.00116652,461066,280508,180558,0.018
"47","rs1291821","G","A",0.00331241,0.534072,0.00101067,461066,280508,180558,0.001
"48","rs13007361","A","G",0.00242609,0.21064,0.0012338,461066,280508,180558,0.049
"49","rs13110073","C","T",-0.00441001,0.388006,0.00103041,461066,280508,180558,1.9e-05
"50","rs13261666","T","G",-0.00507693,0.506634,0.00100434,461066,280508,180558,4.3e-07
"51","rs13392222","C","A",-0.00265402,0.138836,0.00145193,461066,280508,180558,0.068
"52","rs13437771","G","A",-0.00817931,0.154357,0.00138942,461066,280508,180558,3.9e-09
"53","rs1373178","G","T",-0.00624613,0.594204,0.00102739,461066,280508,180558,1.2e-09
"54","rs1381287","T","C",0.00354232,0.45744,0.0010138,461066,280508,180558,0.00048
"55","rs1381775","C","T",-0.00535839,0.711061,0.00110841,461066,280508,180558,1.3e-06
"56","rs1385108","T","C",0.00380442,0.242071,0.00117601,461066,280508,180558,0.0012
"57","rs13906","T","C",-0.00461194,0.107574,0.0016248,461066,280508,180558,0.0045
"58","rs1435672","C","T",0.00420593,0.558131,0.00101221,461066,280508,180558,3.3e-05
"59","rs1445649","C","T",0.00428169,0.53691,0.00100733,461066,280508,180558,2.1e-05
"60","rs1449012","T","C",-0.00408801,0.473739,0.00100846,461066,280508,180558,5e-05
"61","rs1514176","A","G",-0.00581478,0.575696,0.0010149,461066,280508,180558,1e-08
"62","rs1549979","T","C",-0.00796241,0.617836,0.00103274,461066,280508,180558,1.3e-14
"63","rs160631","G","T",-0.00525946,0.737254,0.00114312,461066,280508,180558,4.2e-06
"64","rs16826827","C","T",-0.00383317,0.126758,0.00150745,461066,280508,180558,0.011
"65","rs1714521","C","A",-0.00321442,0.422907,0.00101795,461066,280508,180558,0.0016
"66","rs17197663","A","G",-0.00633865,0.129594,0.00149878,461066,280508,180558,2.3e-05
"67","rs17229285","T","C",-0.00188855,0.513407,0.00100649,461066,280508,180558,0.061
"68","rs1733760","C","T",0.00369405,0.507808,0.00100583,461066,280508,180558,0.00024
"69","rs1772572","A","C",-0.00121851,0.330955,0.00106833,461066,280508,180558,0.25
"70","rs1811739","A","G",0.0027879,0.246115,0.00117509,461066,280508,180558,0.018
"71","rs1889571","G","T",0.0063134,0.12826,0.00150338,461066,280508,180558,2.7e-05
"72","rs1901477","G","A",0.00719047,0.514305,0.00100296,461066,280508,180558,7.5e-13
"73","rs2010921","A","G",0.00538497,0.315771,0.00108603,461066,280508,180558,7.1e-07
"74","rs2063976","T","C",-0.00389514,0.669202,0.00106808,461066,280508,180558,0.00027
"75","rs2155646","C","T",0.0146893,0.388038,0.00103121,461066,280508,180558,4.8e-46
"76","rs221988","C","A",-0.00535779,0.373103,0.00104933,461066,280508,180558,3.3e-07
"77","rs2279829","T","C",-0.0052977,0.214597,0.00122433,461066,280508,180558,1.5e-05
"78","rs2289791","T","G",-0.00570183,0.247098,0.00117275,461066,280508,180558,1.2e-06
"79","rs2319545","A","C",0.00263684,0.155245,0.00138851,461066,280508,180558,0.058
"80","rs2378662","A","G",0.00519666,0.543598,0.00101242,461066,280508,180558,2.9e-07
"81","rs2526390","T","C",0.00448472,0.339745,0.00105983,461066,280508,180558,2.3e-05
"82","rs2587507","C","T",-0.00520788,0.505606,0.000998194,461066,280508,180558,1.8e-07
"83","rs2710634","C","T",-0.0035966,0.521056,0.00100646,461066,280508,180558,0.00035
"84","rs2796793","A","G",0.00269659,0.46177,0.0010077,461066,280508,180558,0.0075
"85","rs281296","A","G",0.00498454,0.352803,0.0010534,461066,280508,180558,2.2e-06
"86","rs28441558","C","T",-0.00331672,0.059216,0.00213481,461066,280508,180558,0.12
"87","rs2901785","A","G",-0.00202248,0.450931,0.00100876,461066,280508,180558,0.045
"88","rs290601","T","C",0.0021992,0.271363,0.00112989,461066,280508,180558,0.052
"89","rs2925128","T","C",0.00381341,0.376609,0.00103776,461066,280508,180558,0.00024
"90","rs2939756","A","G",-0.0035507,0.478076,0.00101007,461066,280508,180558,0.00044
"91","rs3218116","T","C",-0.00257298,0.260922,0.0011436,461066,280508,180558,0.024
"92","rs329124","G","A",-0.00472328,0.420776,0.00101862,461066,280508,180558,3.5e-06
"93","rs34342129","C","T",-0.00219835,0.511939,0.00100434,461066,280508,180558,0.029
"94","rs34399632","G","A",0.00533219,0.253417,0.00115376,461066,280508,180558,3.8e-06
"95","rs34553878","G","A",0.00471035,0.110168,0.00160444,461066,280508,180558,0.0033
"96","rs35656245","A","G",0.00481228,0.267797,0.0011335,461066,280508,180558,2.2e-05
"97","rs3764351","A","G",-0.00446008,0.660037,0.00106493,461066,280508,180558,2.8e-05
"98","rs3810496","C","T",0.0026296,0.616123,0.00103821,461066,280508,180558,0.011
"99","rs3811038","C","T",0.0051654,0.276148,0.00112902,461066,280508,180558,4.8e-06
"100","rs3820277","T","G",-0.00235424,0.524343,0.00100983,461066,280508,180558,0.02
"101","rs3847244","T","C",0.00471624,0.474774,0.00102043,461066,280508,180558,3.8e-06
"102","rs3934797","A","G",-0.00538947,0.189605,0.00128136,461066,280508,180558,2.6e-05
"103","rs4044321","G","A",-0.00657249,0.641172,0.00104914,461066,280508,180558,3.7e-10
"104","rs42417","T","C",0.00406262,0.6912,0.00109252,461066,280508,180558,2e-04
"105","rs4264267","T","C",0.00420869,0.524907,0.0010083,461066,280508,180558,3e-05
"106","rs4476253","A","G",-0.00464247,0.240544,0.00118018,461066,280508,180558,8.4e-05
"107","rs4674993","G","A",-0.00632175,0.199656,0.00125555,461066,280508,180558,4.8e-07
"108","rs4727189","C","T",0.00297711,0.335012,0.00106274,461066,280508,180558,0.0051
"109","rs4752018","A","C",0.00476523,0.231527,0.00119614,461066,280508,180558,6.8e-05
"110","rs4759229","G","A",0.00297772,0.649475,0.00105237,461066,280508,180558,0.0047
"111","rs4790874","T","C",0.00490452,0.53057,0.00101063,461066,280508,180558,1.2e-06
"112","rs4818005","A","G",-0.00569784,0.571961,0.00101536,461066,280508,180558,2e-08
"113","rs4822102","T","C",-0.00479724,0.61794,0.00103409,461066,280508,180558,3.5e-06
"114","rs4837631","T","C",-0.00460957,0.450145,0.00100835,461066,280508,180558,4.8e-06
"115","rs4877285","A","G",-0.0048309,0.681887,0.00108443,461066,280508,180558,8.4e-06
"116","rs4912332","T","C",0.00183398,0.494898,0.00100522,461066,280508,180558,0.068
"117","rs540860","G","A",0.00337898,0.543703,0.00100886,461066,280508,180558,0.00081
"118","rs55786907","G","A",0.00489972,0.155882,0.00138391,461066,280508,180558,4e-04
"119","rs58400863","A","G",-0.00632706,0.341099,0.00106405,461066,280508,180558,2.7e-09
"120","rs59537158","T","C",0.00491869,0.223592,0.00120478,461066,280508,180558,4.5e-05
"121","rs6050446","G","A",0.00819068,0.9674141,0.00284849,461066,280508,180558,0.004
"122","rs61533748","C","T",0.00279315,0.389242,0.00103236,461066,280508,180558,0.0068
"123","rs61886926","T","C",-0.00427254,0.390888,0.00102811,461066,280508,180558,3.2e-05
"124","rs61959481","A","G",-0.00594181,0.210935,0.00130947,461066,280508,180558,5.7e-06
"125","rs62007780","T","G",-0.00168593,0.423141,0.00101352,461066,280508,180558,0.096
"126","rs62193862","A","G",0.00716857,0.101611,0.0016839,461066,280508,180558,2.1e-05
"127","rs62246017","A","G",-0.0021361,0.320451,0.00108614,461066,280508,180558,0.049
"128","rs6265","T","C",-0.00837849,0.18847,0.00128362,461066,280508,180558,6.7e-11
"129","rs6437769","T","C",0.0020058,0.58194,0.00101659,461066,280508,180558,0.048
"130","rs6438436","T","C",0.0081955,0.817133,0.00131304,461066,280508,180558,4.3e-10
"131","rs644740","T","C",-0.00233166,0.464392,0.00100759,461066,280508,180558,0.021
"132","rs6452785","T","C",-0.00442803,0.466912,0.00100771,461066,280508,180558,1.1e-05
"133","rs6497840","A","G",0.00482741,0.713693,0.00111206,461066,280508,180558,1.4e-05
"134","rs6568832","A","G",0.00503215,0.754774,0.00116607,461066,280508,180558,1.6e-05
"135","rs67050670","G","A",-0.00287075,0.231259,0.00119429,461066,280508,180558,0.016
"136","rs6731872","G","T",0.00637868,0.827335,0.00132639,461066,280508,180558,1.5e-06
"137","rs6750529","T","C",0.00407841,0.737323,0.00114134,461066,280508,180558,0.00035
"138","rs6756212","T","C",-0.00857451,0.539536,0.00100757,461066,280508,180558,1.7e-17
"139","rs67777803","T","G",-0.00292775,0.172802,0.00133046,461066,280508,180558,0.028
"140","rs6874731","G","T",0.00408893,0.481134,0.00101442,461066,280508,180558,5.6e-05
"141","rs6890961","T","C",-0.00205216,0.627827,0.00103923,461066,280508,180558,0.048
"142","rs6936160","T","C",0.00375632,0.694051,0.00109164,461066,280508,180558,0.00058
"143","rs6948707","G","T",0.00535623,0.421955,0.00101777,461066,280508,180558,1.4e-07
"144","rs6986430","C","T",-0.0047723,0.225705,0.0011999,461066,280508,180558,7e-05
"145","rs7024924","C","T",0.00514687,0.176882,0.00131623,461066,280508,180558,9.2e-05
"146","rs7072776","G","A",-0.00329239,0.72139,0.00112402,461066,280508,180558,0.0034
"147","rs7134009","C","T",-0.00238621,0.280997,0.00111899,461066,280508,180558,0.033
"148","rs71367544","T","C",0.00474627,0.209968,0.00123303,461066,280508,180558,0.00012
"149","rs71592686","C","T",0.00467053,0.279401,0.00112102,461066,280508,180558,3.1e-05
"150","rs71602617","T","C",-0.0051035,0.210114,0.00123709,461066,280508,180558,3.7e-05
"151","rs72780746","C","T",-0.00715102,0.168687,0.00134292,461066,280508,180558,1e-07
"152","rs72938304","A","G",-0.00440375,0.117268,0.00157441,461066,280508,180558,0.0052
"153","rs748832","G","A",0.00431821,0.364467,0.00104184,461066,280508,180558,3.4e-05
"154","rs75919030","C","T",-0.0067996,0.262188,0.00114564,461066,280508,180558,2.9e-09
"155","rs7631379","C","T",0.00568048,0.208825,0.00123443,461066,280508,180558,4.2e-06
"156","rs76608582","A","C",-0.0132816,0.0469889999999999,0.00249253,461066,280508,180558,9.9e-08
"157","rs7696257","A","G",0.00287901,0.360315,0.00105528,461066,280508,180558,0.0064
"158","rs77215829","C","A",-0.00870662,0.131633,0.00148819,461066,280508,180558,4.9e-09
"159","rs77283305","A","G",-0.00303589,0.315311,0.00108171,461066,280508,180558,0.005
"160","rs7743165","G","T",0.00462598,0.500596,0.00100401,461066,280508,180558,4.1e-06
"161","rs7809303","A","G",-0.00327304,0.324666,0.00107271,461066,280508,180558,0.0023
"162","rs7836565","T","C",-0.00307633,0.716647,0.00111271,461066,280508,180558,0.0057
"163","rs7929518","G","A",0.00474773,0.778465,0.00120979,461066,280508,180558,8.7e-05
"164","rs7943721","A","G",-0.00567637,0.833506,0.0013465,461066,280508,180558,2.5e-05
"165","rs7969559","G","A",-0.0062217,0.720249,0.00111792,461066,280508,180558,2.6e-08
"166","rs8005334","G","T",0.00156722,0.372063,0.00103881,461066,280508,180558,0.13
"167","rs8096225","C","A",0.00292742,0.694427,0.00109133,461066,280508,180558,0.0073
"168","rs876793","C","T",-0.0045386,0.352378,0.00105416,461066,280508,180558,1.7e-05
"169","rs9288999","A","G",0.00497777,0.742011,0.00116419,461066,280508,180558,1.9e-05
"170","rs9302604","G","A",0.00468368,0.439953,0.00101325,461066,280508,180558,3.8e-06
"171","rs9323328","G","A",-0.00250691,0.542056,0.00100919,461066,280508,180558,0.013
"172","rs951740","A","G",0.00308729,0.622936,0.00103735,461066,280508,180558,0.0029
"173","rs9540731","T","C",-0.00420334,0.520006,0.00100505,461066,280508,180558,2.9e-05
"174","rs9545155","C","T",-0.00312937,0.476326,0.00100605,461066,280508,180558,0.0019
"175","rs9826984","A","G",-0.00172412,0.538327,0.00100782,461066,280508,180558,0.087
"176","rs9922607","T","C",-0.00488036,0.211985,0.0012419,461066,280508,180558,8.5e-05
